{"loss_g": 1.9753646850585938, "loss_d": -0.696225106716156, "real_score": 0.9838616847991943, "fake_score": 0.17575380206108093, "_timestamp": 1713099708.6004126, "_runtime": 194.29539251327515, "_step": 100}