{"loss_g": 94.890625, "loss_d": -0.7811768054962158, "real_score": 1.0, "fake_score": 8.615145654515346e-22, "_timestamp": 1713099498.8326938, "_runtime": 3438.9047017097473, "_step": 1618}