{"loss_g": 0.4915512502193451, "loss_d": 0.617240309715271, "real_score": 0.3326781392097473, "fake_score": 0.30879101157188416, "_timestamp": 1713123688.814973, "_runtime": 23964.851610183716, "_step": 12855}